测试文本,应该读出的文字
卡号: 4662 0310 0000 7890，清算行号: 308290000013，IBAN: DE89370400440532013000,卡号四六六二零三幺零零零零零七八九零清算行号三零八二九零零零零零幺三IBANDE八九三七零四零零四四零五三二零幺三零零零
大额支付行号: 104100000004，账号: 1109 0299 9010 1000 8888,大额支付行号幺零四幺零零零零零零零四账号幺幺零九零二九九九零幺零幺零零零八八八八
联名账户持有人：张三、李四，账户状态：正常，开户日期: 2023-05-18,联名账户持有人张三李四账户状态正常开户日期二零二三年五月十八日
定期存单：起存日 2024-01-10，到期日 2025-01-10，利率 2.15%/ 年,定期存单起存日二零二四年一月十日到期日二零二五年一月十日利率百分之二点一五年
"公积金账号：京 A12345678，缴存基数: ¥28,000，比例 12%",公积金账号京A幺二三四五六七八缴存基数两万八千元比例百分之十二
电子银行令牌：0thb3325，动态密码每 60s 更新，绑定手机: 13822335678,电子银行令牌零thb三三二五动态密码每六十秒更新绑定手机幺三八二二三三五六七八
《著作权法》第 10 条第 (五) 项：复制权，即以印刷、复印、拓印... 等方式将作品制作一份或者多份的权利,著作权法第十条第五项复制权即以印刷复印拓印等方式将作品制作一份或者多份的权利
血红蛋白: 135g/L，红细胞压积: 40%,血红蛋白一百三十五克每升红细胞压积百分之四十
心电图：窦性心律，心率: 72 次 / 分，PR 间期: 0.16s,心电图窦性心律心率七十二次每分PR间期零点一六秒
骨密度: T值 -0.5SD，Z值 0.2SD，参考范围: ±1SD,骨密度T值负零点五SDZ值零点二SD参考范围正负一SD
肾功能: 血尿素氮 5.2mmol/L，Cr 88μmol/L，UA 320μmol/L,肾功能血尿素氮五点二毫摩尔每升Cr八十八微摩尔每升UA三百二十微摩尔每升
凝血功能: PT 12.5s，APTT 35s，INR 1.05,凝血功能PT十二点五秒APTT三十五秒INR一点零五
显卡: RTX 4060 (8GB)，显存位宽: 128bit,显卡RTX四零六零八GB显存位宽一百二十八比特
打印机：打印速度 30 页 / 分钟，分辨率: 4800×1200dpi，支持无线打印,打印机打印速度三十页每分钟分辨率四千八百乘以一千两百dpi支持无线打印
"汇票号码: 102000567890123，出票行：交通银行上海分行，金额: ¥120,000，收款人：刘九",汇票号码幺零二零零零五六七八九零幺二三出票行交通银行上海分行金额十二万元收款人刘九
"结构性存款账户：产品代码: JD2025001，起存金额: ¥200,000，预期年化收益率: 3.8%-4.5%，期限: 180 天",结构性存款账户产品代码JD二零二五零零幺起存金额二十万元预期年化收益率百分之三点八至百分之四点五期限一百八十天
哈希值: MD5: d41d8cd98f00b204e9800998ecf8427e，文件: document.pdf,哈希值MD五d四一d八cd九八f零零b二零四e九八零零九九八ecf八四二七e文件document点pdf
动态口令: TOTP 密钥: JBSWY3DPEHPK3PXP，算法: SHA1，步长: 30s，位数: 6，当前口令: 789012,动态口令TOTP密钥JBSWY三DPEHPK三PXP算法SHA一步长三十秒位数六位当前口令七八九零一二
"这是注释 a = 10 b = 20 print (f""和为: {a + b}"") if a > b: print (""a 大"") else: print (""b 大"")",这是注释A等于十B等于二十Printf和为a加bifa大于bprinta大elseprintb大
黄金 ETF: 代码: 518880，单位净值: 3.856 元（2025-05-20），跟踪标的：上海黄金交易所 Au9999，申购赎回单位: 100 份 / 手，交易费用: 0.03%,黄金ETF代码五幺八八八零单位净值三点八五六元二零二五年五月二十日跟踪标的上海黄金交易所Au九九九九申购赎回单位一百份每手交易费用百分之零点零三
质押式回购：期限: 7 天，年化利率: 1.85%，质押券：国债，起点金额: ¥10 万元，手续费: 0.005%,质押式回购期限七天年化利率百分之一点八五质押券国债起点金额十万元手续费百分之零点零零五
"请将¥100,000 汇入汇丰银行香港分行，账号: 001-234567-890，BIC: HSBCHKHHXXX",请将十万元汇入汇丰银行香港分行账号零零一杠二三四五六七杠八九零BICHSBCHKHHXXX
汇款金额:$9300，收款行: Bank of America账号: 1234 5678 9012 3456,汇款金额九千三百美元收款行BankofAmerica账号幺二三四五六七八九零幺二三四五六
余弦定理: c²=a²+b²-2ab cosC，其中 C 为边 c 所对的角,余弦定理c平方等于 a平方加 b平方减 二ab cosC其中 C 为边 c 所对的角
"指导老师 Dr. Huang手机号码: 138-9876-5432, 办公时间：周三 14:00-16:00",指导老师Dr Huang手机号码幺三八九八七六五四三二办公时间周三十四点到十六点
账户类型：活期储蓄，SWIFT: BOCM120，开户行：中国银行北京市朝阳支行,账户类型活期储蓄SWIFT BOCMCNBJ幺二零开户行中国银行北京市朝阳支行
《刑法》第 264 条规定：盗窃公私财物，数额较大的，处 3 年以下有期徒刑...,刑法第二百六十四条规定盗窃公私财物数额较大的处三年以下有期徒刑
《劳动合同法》第 38 条第 1 款第 (二) 项：未及时足额支付劳动报酬的...,劳动合同法第三十八条第一款第二项未及时足额支付劳动报酬的
依据《民事诉讼法》第 119 条，起诉需符合下列条件：(一) 原告与本案有直接利害关系...,依据民事诉讼法第一百一十九条起诉需符合下列条件一原告与本案有直接利害关系
行政法规《工伤保险条例》第 14 条第 (六) 项：在上下班途中，受到非本人主要责任的交通事故...,行政法规工伤保险条例第十四条第六项在上下班途中受到非本人主要责任的交通事故
《行政处罚法》第 33 条：违法事实确凿并有法定依据，对公民处以 50 元以下罚款...,行政处罚法第三十三条违法事实确凿并有法定依据对公民处以五十元以下罚款
司法解释《关于适用〈民法典〉时间效力的若干规定》第 2 条：民法典施行前的法律事实引起的民事纠纷案件...,司法解释关于适用民法典时间效力的若干规定第二条民法典施行前的法律事实引起的民事纠纷案件
肝功能: ALT 35，AST 28，总胆红素: 15μmol/L,肝功能ALT三十五AST二十八总胆红素十五微摩尔每升
血常规: WBC 6.5×10，N 55%，L 40%，M 5%,血常规WBC六点五乘十N百分之五十五L百分之四十M百分之五
血脂四项: TC 4.8mmol/L，TG 1.5mmol/L，HDLC 1.2mmol/L，LDL、C 2.8mmol/L,血脂四项TC四点八毫摩尔每升TG一点五毫摩尔每升HDLC一点二毫摩尔每升LDLC二点八毫摩尔每升
圆柱体表面积S=2πr²+2πrh，r=3cm，h=10cm,圆柱体表面积S 等于二 πr 平方加二 πrhr 等于三厘米h 等于十厘米
《刑法》第 264 条规定：盗窃公私财物，数额较大的，或者多次盗窃、入户盗窃、携带凶器盗窃、扒窃的，处三年以下有期徒刑、拘役或者管制，并处或者单处罚金；数额巨大或者有其他严重情节的，处三年以上十年以下有期徒刑，并处罚金,刑法第二百六十四条规定盗窃公私财物数额较大的或者多次盗窃入户盗窃携带凶器盗窃扒窃的处三年以下有期徒刑拘役或者管制并处或者单处罚金数额巨大或者有其他严重情节的处三年以上十年以下有期徒刑并处罚金
《劳动合同法》第 38 条第 1 款第（二）项：未及时足额支付劳动报酬的，劳动者可以解除劳动合同,劳动合同法第三十八条第一款第二项未及时足额支付劳动报酬的劳动者可以解除劳动合同
依据《民事诉讼法》第 119 条，起诉必须符合下列条件：（一）原告是与本案有直接利害关系的公民、法人和其他组织；（二）有明确的被告；（三）有具体的诉讼请求和事实、理由；（四）属于人民法院受理民事诉讼的范围和受诉人民法院管辖,依据民事诉讼法第一百一十九条起诉必须符合下列条件一原告是与本案有直接利害关系的公民法人和其他组织二有明确的被告三有具体的诉讼请求和事实理由四属于人民法院受理民事诉讼的范围和受诉人民法院管辖
《著作权法》第 10 条第（五）项：复制权，即以印刷、复印、拓印、录音、录像、翻录、翻拍、数字化等方式将作品制作一份或者多份的权利,著作权法第十条第五项复制权即以印刷复印拓印录音录像翻录翻拍数字化等方式将作品制作一份或者多份的权利
《工伤保险条例》第 14 条第（六）项：在上下班途中，受到非本人主要责任的交通事故或者城市轨道交通、客运轮渡、火车事故伤害的，应当认定为工伤,工伤保险条例第十四条第六项在上下班途中受到非本人主要责任的交通事故或者城市轨道交通客运轮渡火车事故伤害的应当认定为工伤
《民法典》第 1043 条第 1 款：家庭应当树立优良家风，弘扬家庭美德，重视家庭文明建设,民法典第一千零四十三条第一款家庭应当树立优良家风弘扬家庭美德重视家庭文明建设
血红蛋白: 128g/L，红细胞压积: 38%，平均红细胞体积: 85fL,血红蛋白一百二十八克每升红细胞压积百分之三十八平均红细胞体积八十五fL
心电图：窦性心律，心率: 68 次 / 分，PR 间期: 0.18s，QRS 时限: 0.09s，QT 间期: 0.38s,心电图窦性心律心率六十八次每分PR间期零点一八秒QRS时限零点零九秒QT间期零点三八秒
肝功能：总蛋白: 72g/L，白蛋白: 45g/L，球蛋白: 27g/L，白球比: 1.67,肝功能总蛋白七十二克每升白蛋白四十五克每升球蛋白二十七克每升白球比一点六七
骨密度：腰椎 L1-L4 T 值: -0.8SD，Z 值: -0.3SD；股骨颈 T 值: -1.1SD，Z 值: -0.5SD，参考范围: ±1SD,骨密度腰椎L一L四T值负零点八SDZ值负零点三SD股骨颈T值负一点一SDZ值负零点五SD参考范围正负一SD
血常规：中性粒细胞百分比: 52%，淋巴细胞百分比: 40%，单核细胞百分比: 5%，嗜酸性粒细胞百分比: 2%，嗜碱性粒细胞百分比: 1%,血常规中性粒细胞百分比百分之五十二淋巴细胞百分比百分之四十单核细胞百分比百分之五嗜酸性粒细胞百分比百分之二嗜碱性粒细胞百分比百分之一
血脂四项：总胆固醇: 4.6mmol/L，甘油三酯: 1.4mmol/L，高密度脂蛋白胆固醇: 1.3mmol/L，低密度脂蛋白胆固醇: 2.7mmol/L，脂蛋白 (a): 120mg/L,血脂四项总胆固醇四点六毫摩尔每升甘油三酯一点四毫摩尔每升高密度脂蛋白胆固醇一点三毫摩尔每升低密度脂蛋白胆固醇二点七毫摩尔每升脂蛋白a一百二十毫克每升
血气分析: pH: 7.42，二氧化碳分压: 40mmHg，氧分压: 95mmHg，碳酸氢根: 24mmol/L，剩余碱: -1mmol/L，血氧饱和度: 98%,血气分析pH值七点四二二氧化碳分压四十毫米汞柱氧分压九十五毫米汞柱碳酸氢根二十四毫摩尔每升剩余碱负一毫摩尔每升血氧饱和度百分之九十八
视力：左眼: 4.8，右眼: 5.0，矫正视力：左眼 5.0 (1.00D)，右眼 5.0，眼压：左眼 16mmHg，右眼 18mmHg,视力左眼四点八右眼五点零矫正视力左眼五点零一点零零D右眼五点零眼压左眼十六毫米汞柱右眼十八毫米汞柱
生物识别模板：指纹模板哈希: 5f4dcc3b5aa765d61d8327deb882cf99，匹配阈值: 85%，存储位置：本地安全芯片,生物识别模板指纹模板哈希五f四dcc三b五aa七六五d六一d八三二七deb八八二cf九九匹配阈值百分之八十五存储位置本地安全芯片
密码策略：长度≥12，复杂度：大小写 + 数字 + 特殊字符，有效期: 90 天，历史记录：禁止使用前 5 次密码，锁定阈值: 5 次失败尝试,密码策略长度大于等于十二复杂度大小写加数字加特殊字符有效期九十天历史记录禁止使用前五次密码锁定阈值五次失败尝试
即时通讯加密：应用: Signal，协议：双棘轮算法，会话密钥：每则消息更新，防重放窗口: 100 条消息，已验证会话：是,即时通讯加密应用Signal协议双棘轮算法会话密钥每则消息更新防重放窗口一百条消息已验证会话是
数字版权管理: DRM 类型: W，内容 ID: movie12345，授权期限: 48h，分辨率限制: 1080p，设备绑定：最多 3 台,数字版权管理DRM类型W内容IDmovie一二三四五授权期限四十八小时分辨率限制一零八零p设备绑定最多三台
蓝牙加密：版本: Bluetooth 5.2，加密模式：安全连接，密钥长度: 128bit，配对方式：数字比较，加密启动时间: 2025-05-20T10:20:30,蓝牙加密版本Bluetooth五点二加密模式安全连接密钥长度一百二十八bit配对方式数字比较加密启动时间二零二五年五月二十日T十点二十分三十秒
"产品名称：稳健收益型理财产品（代码: WJ2025056），投资期限: 180 天，起购金额: ¥10,000，递增金额: ¥1,000，预期年化收益率: 3.65%-4.15%",产品名称稳健收益型理财产品代码WJ二零二五零五六投资期限一百八十天起购金额一万元递增金额一千元预期年化收益率百分之三点六五至百分之四点一五
结构性存款：挂钩标的：沪深 300 指数，产品期限: 90 天，保底收益率: 1.5%，最高收益率: 5.2%（指数涨跌幅在 ±5% 以内），募集期: 2025-06-10 至 2025-06-20,结构性存款挂钩标的沪深三百指数产品期限九十天保底收益率百分之一点五最高收益率百分之五点二指数涨跌幅在正负百分之五以内募集期二零二五年六月十日至二零二五年六月二十日
货币基金：基金代码: 000123，七日年化收益率: 2.35%（2025-05-20），万份收益: 0.6452 元，赎回规则: T+1 到账，管理费: 0.33%，托管费: 0.10%,货币基金基金代码零零零幺二三七日年化收益率百分之二点三五二零二五年五月二十日万份收益零点六四五二元赎回规则T加一到账管理费百分之零点三三托管费百分之零点一零
定期存款：存期: 3 年，年利率: 2.75%，起存金额: ¥5000，计息方式：按年计息，提前支取：按活期利率 0.25% 计息，自动转存：支持,定期存款存期三年年利率百分之二点七五起存金额五千元计息方式按年计息提前支取按活期利率百分之零点二五计息自动转存支持
债券基金：基金名称：安心债券 A（代码: 519001），成立日期: 2020-01-15，单位净值: 1.2568 元（2025-05-20），累计净值: 1.8956 元，近一年收益率: 4.85%,债券基金基金名称安心债券A代码五幺九零零幺成立日期二零二零年一月十五日单位净值一点二五六八元二零二五年五月二十日累计净值一点八九五六元近一年收益率百分之四点八五
股票型基金：基金经理：张某某，投资标的：沪深 A 股（80% 以上），业绩比较基准：沪深 300 指数收益率 ×95%+ 银行活期存款利率 ×5%，风险等级: R4（中高风险）,股票型基金基金经理张某某投资标的沪深A股百分之八十以上业绩比较基准沪深三百指数收益率乘百分之九十五加银行活期存款利率乘百分之五风险等级R四中高风险
"年金保险：保险期间：至 80 周岁，缴费方式: 10 年交，年缴保费: ¥20,000，生存金：每年领取基本保额的 30%，满期金：基本保额的 100%",年金保险保险期间至八十周岁缴费方式十年交年缴保费两万元生存金每年领取基本保额的百分之三十满期金基本保额的百分之一百
鸽巢原理：若 n+1 个物体放入 n 个盒子，则至少有一个盒子含≥2 个物体,鸽巢原理若n加一个物体放入n个盒子则至少有一个盒子含有大于等于两个物体
三角形内角和定理：三角形三个内角的和等于 180°（或 π 弧度）,三角形内角和定理三角形三个内角的和等于一百八十度或 π 弧度
北纬 29°32'~30°22'，东经 91°31'~91°35',北纬二十九度三十二分至三十分二十二分东经九十一度三十一分至九十一度三十分
开工时间: 2025-02-10，时区: Asia,开工时间二零二五年二月十日时区 Asia
日落时间: 2025-11-20，时区: UTC,日落时间二零二五年十一月二十日时区UTC
音乐会: 2025-08-15，时区: America,音乐会二零二五年八月十五日时区America
日出时间: 2025-07-01，时区: UTC,日出时间二零二五年七月一日时区UTC
面试时间: 2025-04-05，时区:Sydney,面试时间二零二五年四月五日时区Sydney
截止注册: 2025-12-15，时区: Moscow,截止注册二零二五年十二月十五日时区Moscow