测试文本,应读文本
模型(图2(b)(i))结构,模型图二bi结构
协议(附录C(表5.1))生效,协议附录C表五点一生效
基因(rs1234(GT))突变,基因rs一二三四GT突变
设备(型号XQ-100(Pro))停产,设备型号XQ一百Pro停产
输入/输出端口,输入输出端口
单位km/h,单位千米每小时
电视3/4英寸屏幕,电视四分之三英寸屏幕
使用TCP/IP协议,使用TCPIP协议
时间为1949-1978年,时间为一九四九到一九七八年
图A-1至A-5,图A一至A五
出版编号ISBN 9787040522230,出版编号ISBN九七八七零四零五二二二三零
航班CA1837,航班CA一八三七
电压220-240V,电压两百二十到两百四十伏
温度-273.15℃,温度零下二百七十三点一五摄氏度
储存条件2-8℃,储存条件二到八摄氏度
沸点100°F,沸点一百华氏度
金额一共为￥500 + €60,金额一共为五百元加六十欧元
手续费1.5‰,手续费千分之一点五
点击→下一步,点击下一步
流程Start⇒Process⇒End,流程Start Process End
显示™未注册商标,显示未注册商标
厂家©2025版权所有,厂家二零二五版权所有
"专利号USPTO #9,876,543",专利号USPTO九百八十七万六千五百四十三
重量≈2.5kg,重量约等于二点五千克
误差±0.02mm,误差正负零点零二毫米
依据§181条,依据一百八十一条
《宪法》第㊟25修正案,宪法第二十五修正案
时间为14:30-16:45,时间为十四点三十分到十六点四十五分
有效期至12/31/2025,有效期至二零二五年十二月三十一日
"计时1'23""45",计时一分二十三秒四十五
方位角N30°E,方位角N三十度E
组合键Ctrl+Alt+Del,组合键Ctrl加Alt加Del
坡度1:2.5,坡度一比二点五
误差(±2%),误差正负百分之二
年份2020-2025,年份二零二零到二零二五
分辨率1920×1080,分辨率一千九百二十乘一千零八十
比率3:1-5:1,比率三比一到五比一
这是©2023 ABC公司,这是二零二三ABC公司
条款§3.2.1,条款三点二点一
内存(≥8GB),内存大于等于八GB
温度37.5°C,温度三十七点五摄氏度
汇款¥0.015,汇款零点零一五元
路径Home←Back↑Top,路径Home back Top
溶液的pKa=4.76,溶液的pKa等于四点七六
概率⅞,概率八分之七
折扣8.5折,折扣八点五折
本季度为2025Q1,本季度为二零二五Q一
他获得了Ph.D.学位,他获得了PhD学位
苹果vs香蕉,苹果vs香蕉
范围6000-7000,范围六千到七千
剂量10μg/kg,剂量十微克每千克
基因型rs123456(A/G),基因型rs一二三四五六AG
研究(2024年(a)),研究二零二四年a
汉字(拼音)：中(zhōng),汉字拼音中中
面积≈50 m²,面积约等于五十平方米
太阳☉质量,太阳质量
距离1.5AU,距离一点五AU
星等-1.46等,星等负一点四六等
象棋 车二平五,象棋车二平五
围棋 B[pd],围棋Bpd
国际象棋 Nf3,国际象棋Nf三
非对称加密RSA,非对称加密RSA
海拔+8848.86m,海拔正八千八百四十八点八六米
古语「学而时习之」,古语学而时习之
技能CD 30s,技能CD三十秒
尺码S/M/L,尺码SML
裤装32×32,裤装三十二乘以三十二
胸围36B,胸围三十六B
温度(°C),温度摄氏度
速度(km/h),速度千米每小时
左/右移动,左右移动
前/后切换,前后切换
页码123-456,页码一百二十三至四百五十六
时间09:00-17:00,时间九点到十七点
电压±5%,电压正负百分之五
误差±0.1mm,误差正负零点一毫米
长度≈5m,长度约等于五米
重量≈10kg,重量约等于十千克
网址www.example.com,网址WWW点example点com
地址192.168.22.3,地址幺九二点幺六八点二二点三
电流(50mA),电流五十毫安
工位A12-B07,工位A十二B零七
章节3-4-5,章节三四五
优惠¥99包邮,优惠九十九元包邮
只需$0.99试用,只需零点九九美元试用
功率100-200W,功率一百到两百瓦
内存8-16GB,内存八到十六GB
温度-5-10°C,温度零下五至十摄氏度
定价£12.99-£19.99,定价十二点九九英镑至十九点九九英镑
今天¥0门槛,今天零元门槛